id,dock,departure,label_success,total_labels,staged_units,vehicle_capacity_kg,total_load_kg,carrier
DSP-00001,Dock 7,2026-07-20 08:01:52+00:00,9,12,166,16244,13994,Carrier-16
DSP-00002,Dock 7,2026-07-20 21:31:52+00:00,12,12,128,12531,9320,Carrier-02
DSP-00003,Dock 11,2026-07-21 01:09:52+00:00,12,12,203,9320,7069,Carrier-22
DSP-00004,Dock 3,2026-07-21 07:44:52+00:00,12,12,72,11894,8256,Carrier-01
DSP-00005,Dock 5,2026-07-20 20:58:52+00:00,12,12,172,13908,12036,Carrier-15
DSP-00006,Dock 11,2026-07-20 09:54:52+00:00,12,12,195,10865,7146,Carrier-07
DSP-00007,Dock 9,2026-07-21 09:10:52+00:00,12,12,152,7571,3737,Carrier-12
DSP-00008,Dock 9,2026-07-20 18:36:52+00:00,12,12,157,8280,6373,Carrier-08
DSP-00009,Dock 11,2026-07-21 00:44:52+00:00,12,12,153,16501,14383,Carrier-14
DSP-00010,Dock 3,2026-07-20 23:42:52+00:00,12,12,122,11761,6906,Carrier-18
DSP-00011,Dock 7,2026-07-20 15:58:52+00:00,12,12,176,11495,7168,Carrier-15
DSP-00012,Dock 11,2026-07-20 14:40:52+00:00,12,12,99,13632,11121,Carrier-17
DSP-00013,Dock 9,2026-07-20 21:12:52+00:00,12,12,73,9519,8301,Carrier-11
DSP-00014,Dock 5,2026-07-20 22:21:52+00:00,12,12,124,12772,11161,Carrier-14
DSP-00015,Dock 3,2026-07-21 03:58:52+00:00,12,12,89,15959,8006,Carrier-02
DSP-00016,Dock 3,2026-07-20 15:38:52+00:00,12,12,195,16695,14680,Carrier-20
DSP-00017,Dock 3,2026-07-20 10:33:52+00:00,12,12,184,16317,7867,Carrier-11
DSP-00018,Dock 9,2026-07-20 16:07:52+00:00,12,12,109,10307,8235,Carrier-06
DSP-00019,Dock 3,2026-07-20 22:35:52+00:00,12,12,73,12723,6299,Carrier-22
DSP-00020,Dock 7,2026-07-21 02:19:52+00:00,12,12,187,8036,6095,Carrier-14
DSP-00021,Dock 9,2026-07-21 00:05:52+00:00,12,12,135,13540,8046,Carrier-15
DSP-00022,Dock 7,2026-07-20 14:39:52+00:00,12,12,149,14087,10761,Carrier-10
DSP-00023,Dock 11,2026-07-21 05:48:52+00:00,12,12,118,10189,5654,Carrier-12
DSP-00024,Dock 3,2026-07-21 06:00:52+00:00,12,12,140,10677,4867,Carrier-08
DSP-00025,Dock 11,2026-07-20 09:18:52+00:00,12,12,208,17442,8375,Carrier-06
DSP-00026,Dock 11,2026-07-20 11:46:52+00:00,12,12,180,17310,14447,Carrier-01
DSP-00027,Dock 5,2026-07-20 11:38:52+00:00,12,12,134,10630,8924,Carrier-06
DSP-00028,Dock 11,2026-07-20 14:29:52+00:00,12,12,215,8994,6006,Carrier-01
DSP-00029,Dock 7,2026-07-20 17:01:52+00:00,12,12,201,12963,10556,Carrier-07
DSP-00030,Dock 11,2026-07-20 22:06:52+00:00,12,12,195,11352,6433,Carrier-08
DSP-00031,Dock 11,2026-07-20 15:24:52+00:00,12,12,72,9854,6031,Carrier-07
DSP-00032,Dock 3,2026-07-20 08:33:52+00:00,12,12,147,14223,7100,Carrier-12
DSP-00033,Dock 5,2026-07-20 23:32:52+00:00,12,12,196,15636,9302,Carrier-18
DSP-00034,Dock 5,2026-07-20 18:25:52+00:00,12,12,197,11035,8619,Carrier-16
DSP-00035,Dock 9,2026-07-21 08:00:52+00:00,12,12,78,17852,12986,Carrier-21
DSP-00036,Dock 5,2026-07-20 23:19:52+00:00,12,12,213,15805,9523,Carrier-06
DSP-00037,Dock 5,2026-07-20 17:05:52+00:00,12,12,80,14573,11982,Carrier-09
DSP-00038,Dock 11,2026-07-20 21:30:52+00:00,12,12,214,8786,6817,Carrier-07
DSP-00039,Dock 9,2026-07-20 10:05:52+00:00,12,12,141,16040,7392,Carrier-01
DSP-00040,Dock 5,2026-07-21 03:54:52+00:00,12,12,96,15459,10750,Carrier-05
DSP-00041,Dock 9,2026-07-21 05:57:52+00:00,12,12,98,10810,5737,Carrier-08
DSP-00042,Dock 5,2026-07-21 09:53:52+00:00,12,12,90,13583,6129,Carrier-12
DSP-00043,Dock 7,2026-07-20 18:14:52+00:00,12,12,151,13628,11314,Carrier-04
DSP-00044,Dock 3,2026-07-21 05:08:52+00:00,12,12,177,10064,4827,Carrier-21
DSP-00045,Dock 7,2026-07-20 19:15:52+00:00,12,12,209,17998,8318,Carrier-21
DSP-00046,Dock 11,2026-07-21 03:01:52+00:00,12,12,92,11738,5585,Carrier-18
DSP-00047,Dock 5,2026-07-20 15:04:52+00:00,12,12,124,13859,6308,Carrier-05
DSP-00048,Dock 3,2026-07-20 20:52:52+00:00,12,12,128,9336,5492,Carrier-09
DSP-00049,Dock 7,2026-07-20 19:01:52+00:00,12,12,75,9159,7181,Carrier-21
DSP-00050,Dock 7,2026-07-20 14:21:52+00:00,12,12,219,16035,13199,Carrier-05
DSP-00051,Dock 11,2026-07-20 15:03:52+00:00,12,12,160,8794,5667,Carrier-10
DSP-00052,Dock 7,2026-07-21 08:43:52+00:00,12,12,200,11387,6325,Carrier-01
DSP-00053,Dock 3,2026-07-20 17:14:52+00:00,12,12,108,16876,9468,Carrier-21
DSP-00054,Dock 9,2026-07-20 15:55:52+00:00,12,12,99,17897,11091,Carrier-13
DSP-00055,Dock 11,2026-07-20 08:07:52+00:00,12,12,100,13133,9660,Carrier-13
DSP-00056,Dock 9,2026-07-20 11:59:52+00:00,12,12,108,16285,8264,Carrier-21
DSP-00057,Dock 7,2026-07-20 15:14:52+00:00,12,12,161,16369,7387,Carrier-16
DSP-00058,Dock 9,2026-07-21 07:12:52+00:00,12,12,89,15786,11171,Carrier-19
DSP-00059,Dock 7,2026-07-20 15:06:52+00:00,12,12,156,12710,7599,Carrier-14
DSP-00060,Dock 3,2026-07-20 17:52:52+00:00,12,12,89,16351,9198,Carrier-15
DSP-00061,Dock 5,2026-07-20 20:34:52+00:00,12,12,91,7700,4676,Carrier-15
DSP-00062,Dock 9,2026-07-20 21:35:52+00:00,12,12,163,9617,6571,Carrier-04
DSP-00063,Dock 9,2026-07-20 14:10:52+00:00,12,12,190,16904,14516,Carrier-01
DSP-00064,Dock 7,2026-07-20 22:19:52+00:00,12,12,72,12846,6754,Carrier-06
DSP-00065,Dock 11,2026-07-21 06:09:52+00:00,12,12,82,13921,9774,Carrier-22
DSP-00066,Dock 5,2026-07-20 21:06:52+00:00,12,12,114,14235,11531,Carrier-20
DSP-00067,Dock 7,2026-07-21 05:57:52+00:00,12,12,112,14426,9390,Carrier-02
DSP-00068,Dock 11,2026-07-20 21:55:52+00:00,12,12,184,16611,13600,Carrier-04
DSP-00069,Dock 3,2026-07-21 08:11:52+00:00,12,12,166,11713,7989,Carrier-14
DSP-00070,Dock 3,2026-07-20 16:01:52+00:00,12,12,110,12739,8791,Carrier-19
DSP-00071,Dock 11,2026-07-21 00:08:52+00:00,12,12,113,15338,13242,Carrier-10
DSP-00072,Dock 5,2026-07-20 10:28:52+00:00,12,12,95,10073,7988,Carrier-15
DSP-00073,Dock 3,2026-07-20 19:27:52+00:00,12,12,99,11006,6881,Carrier-13
DSP-00074,Dock 11,2026-07-20 15:40:52+00:00,12,12,162,10184,7765,Carrier-14
DSP-00075,Dock 9,2026-07-21 06:50:52+00:00,12,12,138,13219,10597,Carrier-15
DSP-00076,Dock 9,2026-07-20 20:01:52+00:00,12,12,88,7810,5992,Carrier-12
DSP-00077,Dock 5,2026-07-20 07:47:52+00:00,12,12,162,14138,7841,Carrier-07
DSP-00078,Dock 3,2026-07-20 08:21:52+00:00,12,12,116,16288,8939,Carrier-02
DSP-00079,Dock 11,2026-07-21 01:14:52+00:00,12,12,147,15947,10725,Carrier-21
DSP-00080,Dock 9,2026-07-21 06:44:52+00:00,12,12,113,9641,7041,Carrier-02
DSP-00081,Dock 9,2026-07-21 06:14:52+00:00,12,12,80,17286,13767,Carrier-12
DSP-00082,Dock 7,2026-07-21 05:09:52+00:00,12,12,142,15934,13432,Carrier-06
DSP-00083,Dock 5,2026-07-21 03:53:52+00:00,12,12,143,14286,9608,Carrier-22
DSP-00084,Dock 3,2026-07-20 07:46:52+00:00,12,12,106,13829,10451,Carrier-08
DSP-00085,Dock 3,2026-07-20 12:17:52+00:00,12,12,170,9298,5363,Carrier-08
DSP-00086,Dock 9,2026-07-20 19:52:52+00:00,12,12,193,11887,5632,Carrier-04
DSP-00087,Dock 11,2026-07-20 23:05:52+00:00,12,12,176,17647,8098,Carrier-15
DSP-00088,Dock 11,2026-07-20 18:42:52+00:00,12,12,113,16548,13164,Carrier-05
DSP-00089,Dock 9,2026-07-20 09:53:52+00:00,12,12,165,17827,12961,Carrier-21
DSP-00090,Dock 5,2026-07-21 05:56:52+00:00,12,12,80,10512,9249,Carrier-18
DSP-00091,Dock 9,2026-07-20 07:27:52+00:00,12,12,76,8853,5478,Carrier-16
DSP-00092,Dock 5,2026-07-20 23:55:52+00:00,12,12,152,17966,13462,Carrier-12
DSP-00093,Dock 7,2026-07-20 16:55:52+00:00,12,12,100,15282,8864,Carrier-22
DSP-00094,Dock 5,2026-07-20 14:14:52+00:00,12,12,107,13578,9583,Carrier-12
DSP-00095,Dock 3,2026-07-21 05:50:52+00:00,12,12,95,13105,6197,Carrier-05
DSP-00096,Dock 11,2026-07-21 03:56:52+00:00,12,12,81,10654,7870,Carrier-14
DSP-00097,Dock 9,2026-07-20 16:17:52+00:00,12,12,187,14290,11318,Carrier-18
DSP-00098,Dock 5,2026-07-21 09:51:52+00:00,12,12,135,8818,7052,Carrier-09
DSP-00099,Dock 7,2026-07-20 18:05:52+00:00,12,12,77,12416,10234,Carrier-09
DSP-00100,Dock 11,2026-07-21 01:05:52+00:00,12,12,152,12215,10418,Carrier-02
DSP-00101,Dock 7,2026-07-21 07:17:52+00:00,12,12,106,17184,10716,Carrier-02
DSP-00102,Dock 3,2026-07-21 08:34:52+00:00,12,12,176,13312,10684,Carrier-20
DSP-00103,Dock 7,2026-07-21 00:24:52+00:00,12,12,130,14944,12224,Carrier-13
DSP-00104,Dock 9,2026-07-20 21:10:52+00:00,12,12,154,7965,4812,Carrier-11
DSP-00105,Dock 9,2026-07-21 08:11:52+00:00,12,12,159,15194,7999,Carrier-22
DSP-00106,Dock 11,2026-07-20 09:57:52+00:00,12,12,178,12678,8413,Carrier-20
DSP-00107,Dock 3,2026-07-21 09:32:52+00:00,12,12,101,8638,6619,Carrier-10
DSP-00108,Dock 5,2026-07-21 01:40:52+00:00,12,12,158,15764,13423,Carrier-19
DSP-00109,Dock 9,2026-07-20 12:54:52+00:00,12,12,89,10731,5737,Carrier-13
DSP-00110,Dock 7,2026-07-21 05:50:52+00:00,12,12,116,11195,9737,Carrier-19
DSP-00111,Dock 9,2026-07-20 09:01:52+00:00,12,12,156,16651,20090,Carrier-17
DSP-00112,Dock 3,2026-07-20 19:34:52+00:00,12,12,96,8561,4646,Carrier-09
DSP-00113,Dock 9,2026-07-21 08:30:52+00:00,12,12,213,16331,8705,Carrier-15
DSP-00114,Dock 11,2026-07-20 20:05:52+00:00,12,12,162,11525,7971,Carrier-07
DSP-00115,Dock 5,2026-07-20 07:21:52+00:00,12,12,178,13447,9803,Carrier-06
DSP-00116,Dock 11,2026-07-20 20:26:52+00:00,12,12,175,8874,7166,Carrier-09
DSP-00117,Dock 9,2026-07-20 09:31:52+00:00,12,12,74,10521,5617,Carrier-09
DSP-00118,Dock 3,2026-07-20 22:06:52+00:00,12,12,99,11229,5954,Carrier-13
DSP-00119,Dock 11,2026-07-20 07:45:52+00:00,12,12,156,15203,10777,Carrier-15
DSP-00120,Dock 9,2026-07-20 14:38:52+00:00,12,12,92,14296,7528,Carrier-16
DSP-00121,Dock 7,2026-07-20 12:50:52+00:00,12,12,91,15736,7082,Carrier-03
DSP-00122,Dock 7,2026-07-20 09:50:52+00:00,12,12,145,12060,6666,Carrier-20
DSP-00123,Dock 5,2026-07-21 08:39:52+00:00,12,12,192,17283,9161,Carrier-08
DSP-00124,Dock 11,2026-07-21 02:44:52+00:00,12,12,213,17449,8209,Carrier-06
DSP-00125,Dock 7,2026-07-20 17:34:52+00:00,12,12,218,8602,3927,Carrier-14
DSP-00126,Dock 9,2026-07-20 13:00:52+00:00,12,12,123,12805,8206,Carrier-06
DSP-00127,Dock 7,2026-07-20 13:37:52+00:00,12,12,147,9847,6152,Carrier-02
DSP-00128,Dock 11,2026-07-21 04:21:52+00:00,12,12,207,7790,6571,Carrier-06
DSP-00129,Dock 7,2026-07-21 09:59:52+00:00,12,12,113,10592,8864,Carrier-05
DSP-00130,Dock 9,2026-07-20 15:16:52+00:00,12,12,87,7760,3659,Carrier-17
DSP-00131,Dock 7,2026-07-20 08:06:52+00:00,12,12,194,7012,3866,Carrier-06
DSP-00132,Dock 7,2026-07-20 09:34:52+00:00,12,12,114,11243,9768,Carrier-04
DSP-00133,Dock 9,2026-07-20 09:02:52+00:00,12,12,101,13076,6141,Carrier-07
DSP-00134,Dock 11,2026-07-21 00:49:52+00:00,12,12,144,16292,7409,Carrier-05
DSP-00135,Dock 5,2026-07-21 03:27:52+00:00,12,12,102,8636,6798,Carrier-17
DSP-00136,Dock 3,2026-07-20 14:13:52+00:00,12,12,191,11017,9153,Carrier-06
DSP-00137,Dock 3,2026-07-20 08:42:52+00:00,12,12,204,10312,6432,Carrier-06
DSP-00138,Dock 7,2026-07-21 08:19:52+00:00,12,12,153,16055,13561,Carrier-08
DSP-00139,Dock 7,2026-07-21 04:17:52+00:00,12,12,73,12577,7896,Carrier-04
DSP-00140,Dock 5,2026-07-20 19:54:52+00:00,12,12,103,8164,5322,Carrier-18
DSP-00141,Dock 11,2026-07-20 23:22:52+00:00,12,12,160,8720,4643,Carrier-02
DSP-00142,Dock 9,2026-07-21 08:00:52+00:00,12,12,177,10534,7768,Carrier-10
DSP-00143,Dock 11,2026-07-20 23:36:52+00:00,12,12,202,11159,7427,Carrier-13
DSP-00144,Dock 5,2026-07-20 10:03:52+00:00,12,12,118,8799,6845,Carrier-15
DSP-00145,Dock 9,2026-07-20 23:09:52+00:00,12,12,79,8130,5285,Carrier-16
DSP-00146,Dock 3,2026-07-21 01:40:52+00:00,12,12,89,11651,7322,Carrier-02
DSP-00147,Dock 11,2026-07-20 13:15:52+00:00,12,12,213,9900,7818,Carrier-05
DSP-00148,Dock 3,2026-07-20 23:56:52+00:00,12,12,115,16610,7923,Carrier-02
DSP-00149,Dock 11,2026-07-21 04:43:52+00:00,12,12,117,15922,7337,Carrier-01
DSP-00150,Dock 7,2026-07-21 09:08:52+00:00,12,12,129,15238,9157,Carrier-18
DSP-00151,Dock 3,2026-07-20 09:10:52+00:00,12,12,162,17779,12299,Carrier-02
DSP-00152,Dock 11,2026-07-20 19:17:52+00:00,12,12,76,14772,10507,Carrier-04
DSP-00153,Dock 9,2026-07-20 08:17:52+00:00,12,12,190,10845,7864,Carrier-04
DSP-00154,Dock 3,2026-07-21 01:49:52+00:00,12,12,155,12263,7102,Carrier-08
DSP-00155,Dock 11,2026-07-21 07:15:52+00:00,12,12,155,11151,5222,Carrier-21
DSP-00156,Dock 11,2026-07-20 21:19:52+00:00,12,12,113,17212,10174,Carrier-01
DSP-00157,Dock 3,2026-07-20 22:51:52+00:00,12,12,159,8793,5130,Carrier-11
DSP-00158,Dock 5,2026-07-20 14:52:52+00:00,12,12,167,7650,5834,Carrier-09
DSP-00159,Dock 3,2026-07-20 07:43:52+00:00,12,12,79,8840,5195,Carrier-06
DSP-00160,Dock 3,2026-07-20 23:52:52+00:00,12,12,119,17283,12227,Carrier-04
DSP-00161,Dock 9,2026-07-20 13:50:52+00:00,12,12,145,7738,5362,Carrier-11
DSP-00162,Dock 11,2026-07-21 08:36:52+00:00,12,12,95,11391,6877,Carrier-14
DSP-00163,Dock 3,2026-07-20 20:06:52+00:00,12,12,207,17181,7969,Carrier-06
DSP-00164,Dock 7,2026-07-20 10:16:52+00:00,12,12,219,17260,12528,Carrier-03
DSP-00165,Dock 3,2026-07-20 16:21:52+00:00,12,12,215,15129,8400,Carrier-03
DSP-00166,Dock 11,2026-07-21 00:44:52+00:00,12,12,158,14411,12464,Carrier-19
DSP-00167,Dock 11,2026-07-21 07:45:52+00:00,12,12,189,17977,11650,Carrier-16
DSP-00168,Dock 7,2026-07-21 02:10:52+00:00,12,12,197,9380,7794,Carrier-17
DSP-00169,Dock 5,2026-07-20 23:05:52+00:00,12,12,143,16695,13337,Carrier-05
DSP-00170,Dock 7,2026-07-20 21:39:52+00:00,12,12,121,7593,4726,Carrier-18
DSP-00171,Dock 5,2026-07-21 01:13:52+00:00,12,12,220,17269,10422,Carrier-20
DSP-00172,Dock 9,2026-07-20 13:40:52+00:00,12,12,156,13926,12144,Carrier-13
DSP-00173,Dock 7,2026-07-20 15:42:52+00:00,12,12,126,8511,4764,Carrier-15
DSP-00174,Dock 11,2026-07-20 08:03:52+00:00,12,12,130,9758,7605,Carrier-14
DSP-00175,Dock 9,2026-07-20 12:31:52+00:00,12,12,77,14057,9029,Carrier-20
DSP-00176,Dock 3,2026-07-20 20:33:52+00:00,12,12,203,8907,7349,Carrier-08
DSP-00177,Dock 11,2026-07-21 01:18:52+00:00,12,12,220,10047,5431,Carrier-15
DSP-00178,Dock 11,2026-07-21 07:57:52+00:00,12,12,120,9075,6162,Carrier-15
DSP-00179,Dock 5,2026-07-21 03:21:52+00:00,12,12,121,16711,13018,Carrier-09
DSP-00180,Dock 7,2026-07-21 05:08:52+00:00,12,12,151,14444,10133,Carrier-01
DSP-00181,Dock 5,2026-07-21 06:43:52+00:00,12,12,125,8354,4234,Carrier-22
DSP-00182,Dock 11,2026-07-20 08:14:52+00:00,12,12,212,14346,11438,Carrier-13
DSP-00183,Dock 11,2026-07-20 19:13:52+00:00,12,12,127,15417,6941,Carrier-18
DSP-00184,Dock 7,2026-07-20 16:23:52+00:00,12,12,84,17031,13135,Carrier-02
DSP-00185,Dock 5,2026-07-20 22:21:52+00:00,12,12,208,14126,10107,Carrier-01
DSP-00186,Dock 9,2026-07-21 03:29:52+00:00,12,12,78,12163,6751,Carrier-10
DSP-00187,Dock 11,2026-07-20 16:23:52+00:00,12,12,209,13194,7811,Carrier-15
DSP-00188,Dock 11,2026-07-21 00:53:52+00:00,12,12,163,7077,3692,Carrier-21
DSP-00189,Dock 3,2026-07-20 23:08:52+00:00,12,12,185,16388,8519,Carrier-07
DSP-00190,Dock 7,2026-07-21 02:52:52+00:00,12,12,94,8472,4047,Carrier-17
DSP-00191,Dock 7,2026-07-20 23:54:52+00:00,12,12,142,9899,6538,Carrier-20
DSP-00192,Dock 3,2026-07-21 06:17:52+00:00,12,12,84,16483,10284,Carrier-09
DSP-00193,Dock 7,2026-07-20 08:37:52+00:00,12,12,173,15796,9698,Carrier-19
DSP-00194,Dock 7,2026-07-20 09:22:52+00:00,12,12,100,16069,8645,Carrier-01
DSP-00195,Dock 7,2026-07-20 16:25:52+00:00,12,12,157,16754,10046,Carrier-10
DSP-00196,Dock 11,2026-07-21 06:39:52+00:00,12,12,170,13579,7895,Carrier-12
DSP-00197,Dock 11,2026-07-20 16:26:52+00:00,12,12,194,15266,8147,Carrier-10
DSP-00198,Dock 11,2026-07-21 05:36:52+00:00,12,12,146,8900,5618,Carrier-09
DSP-00199,Dock 7,2026-07-20 09:46:52+00:00,12,12,115,7337,4382,Carrier-16
DSP-00200,Dock 3,2026-07-20 23:08:52+00:00,12,12,93,17268,15070,Carrier-01
DSP-00201,Dock 5,2026-07-20 11:30:52+00:00,12,12,81,16512,8630,Carrier-19
DSP-00202,Dock 11,2026-07-20 07:56:52+00:00,12,12,123,7841,4054,Carrier-22
DSP-00203,Dock 3,2026-07-21 07:24:52+00:00,12,12,220,13205,9282,Carrier-04
DSP-00204,Dock 3,2026-07-20 19:01:52+00:00,12,12,160,11936,7868,Carrier-10
DSP-00205,Dock 7,2026-07-20 18:51:52+00:00,12,12,110,9122,4328,Carrier-01
DSP-00206,Dock 9,2026-07-20 14:14:52+00:00,12,12,110,11966,9928,Carrier-11
DSP-00207,Dock 9,2026-07-20 12:02:52+00:00,12,12,83,8315,6844,Carrier-06
DSP-00208,Dock 11,2026-07-21 06:15:52+00:00,12,12,133,12483,10811,Carrier-11
DSP-00209,Dock 3,2026-07-20 14:19:52+00:00,12,12,190,16523,7479,Carrier-01
DSP-00210,Dock 3,2026-07-21 07:46:52+00:00,12,12,189,17238,10813,Carrier-12
DSP-00211,Dock 7,2026-07-20 08:59:52+00:00,12,12,209,10697,4890,Carrier-13
DSP-00212,Dock 3,2026-07-21 10:00:52+00:00,12,12,186,7955,6235,Carrier-18
DSP-00213,Dock 11,2026-07-20 11:35:52+00:00,12,12,152,7709,3645,Carrier-15
DSP-00214,Dock 7,2026-07-20 10:08:52+00:00,12,12,190,7965,6182,Carrier-21
DSP-00215,Dock 9,2026-07-20 20:01:52+00:00,12,12,160,7069,4185,Carrier-19
DSP-00216,Dock 9,2026-07-21 09:21:52+00:00,12,12,75,16251,13511,Carrier-14
DSP-00217,Dock 3,2026-07-21 04:30:52+00:00,12,12,192,14341,8084,Carrier-02
DSP-00218,Dock 9,2026-07-20 19:19:52+00:00,12,12,214,10545,6123,Carrier-14
DSP-00219,Dock 7,2026-07-21 05:39:52+00:00,12,12,171,15008,12413,Carrier-13
DSP-00220,Dock 7,2026-07-20 14:33:52+00:00,12,12,161,9251,6844,Carrier-20
DSP-00221,Dock 11,2026-07-21 09:20:52+00:00,12,12,125,16763,9766,Carrier-13
DSP-00222,Dock 5,2026-07-21 08:45:52+00:00,12,12,178,17959,14005,Carrier-11
DSP-00223,Dock 11,2026-07-21 06:53:52+00:00,12,12,134,12428,6339,Carrier-08
DSP-00224,Dock 5,2026-07-20 17:06:52+00:00,12,12,202,8336,4025,Carrier-17
DSP-00225,Dock 9,2026-07-21 05:16:52+00:00,12,12,76,12511,10491,Carrier-01
DSP-00226,Dock 11,2026-07-21 07:18:52+00:00,12,12,163,11166,7786,Carrier-08
DSP-00227,Dock 11,2026-07-20 10:56:52+00:00,12,12,166,12373,9713,Carrier-19
DSP-00228,Dock 11,2026-07-20 13:48:52+00:00,12,12,131,10054,7207,Carrier-17
DSP-00229,Dock 3,2026-07-20 12:49:52+00:00,12,12,177,17646,12664,Carrier-07
DSP-00230,Dock 5,2026-07-20 11:07:52+00:00,12,12,185,13604,6155,Carrier-15
DSP-00231,Dock 9,2026-07-20 15:52:52+00:00,12,12,86,10927,5066,Carrier-18
DSP-00232,Dock 7,2026-07-20 07:42:52+00:00,12,12,131,11243,6066,Carrier-05
DSP-00233,Dock 3,2026-07-21 01:13:52+00:00,12,12,79,11416,7804,Carrier-14
DSP-00234,Dock 3,2026-07-20 20:41:52+00:00,12,12,113,11312,6892,Carrier-16
DSP-00235,Dock 9,2026-07-20 10:04:52+00:00,12,12,99,9225,5925,Carrier-06
DSP-00236,Dock 7,2026-07-21 00:12:52+00:00,12,12,130,15257,7774,Carrier-12
DSP-00237,Dock 11,2026-07-20 07:29:52+00:00,12,12,218,17154,9863,Carrier-14
DSP-00238,Dock 11,2026-07-20 12:34:52+00:00,12,12,190,16415,10642,Carrier-10
DSP-00239,Dock 9,2026-07-21 00:49:52+00:00,12,12,116,10780,5123,Carrier-17
DSP-00240,Dock 3,2026-07-21 01:04:52+00:00,12,12,113,15315,7816,Carrier-03
DSP-00241,Dock 3,2026-07-21 03:48:52+00:00,12,12,159,16407,8815,Carrier-05
DSP-00242,Dock 5,2026-07-21 09:03:52+00:00,12,12,146,10239,7190,Carrier-22
DSP-00243,Dock 3,2026-07-20 19:32:52+00:00,12,12,211,11930,7525,Carrier-18
DSP-00244,Dock 11,2026-07-20 09:47:52+00:00,12,12,207,11537,8678,Carrier-19
DSP-00245,Dock 11,2026-07-20 07:54:52+00:00,12,12,88,17337,10795,Carrier-04
DSP-00246,Dock 5,2026-07-21 08:15:52+00:00,12,12,132,15962,10056,Carrier-05
DSP-00247,Dock 3,2026-07-20 16:33:52+00:00,12,12,124,10377,8662,Carrier-18
DSP-00248,Dock 5,2026-07-20 08:35:52+00:00,12,12,172,9525,5988,Carrier-22
DSP-00249,Dock 11,2026-07-21 07:36:52+00:00,12,12,100,9334,7874,Carrier-11
DSP-00250,Dock 5,2026-07-21 02:24:52+00:00,12,12,94,8076,4874,Carrier-01
DSP-00251,Dock 7,2026-07-20 13:40:52+00:00,12,12,110,13254,7269,Carrier-09
DSP-00252,Dock 9,2026-07-20 14:25:52+00:00,12,12,181,10864,5498,Carrier-09
DSP-00253,Dock 3,2026-07-21 08:06:52+00:00,12,12,202,7273,4381,Carrier-15
DSP-00254,Dock 11,2026-07-20 13:29:52+00:00,12,12,184,15737,12322,Carrier-02
DSP-00255,Dock 9,2026-07-20 14:25:52+00:00,12,12,183,15519,9604,Carrier-04
DSP-00256,Dock 3,2026-07-20 10:14:52+00:00,12,12,134,10050,5179,Carrier-14
DSP-00257,Dock 3,2026-07-21 06:39:52+00:00,12,12,81,11471,8171,Carrier-15
DSP-00258,Dock 11,2026-07-20 17:52:52+00:00,12,12,70,7486,3720,Carrier-04
DSP-00259,Dock 11,2026-07-20 13:49:52+00:00,12,12,156,17875,15039,Carrier-14
DSP-00260,Dock 5,2026-07-21 10:00:52+00:00,12,12,151,7378,6391,Carrier-09
DSP-00261,Dock 5,2026-07-20 08:48:52+00:00,12,12,180,9531,4400,Carrier-17
DSP-00262,Dock 7,2026-07-20 20:16:52+00:00,12,12,207,11102,5411,Carrier-07
DSP-00263,Dock 7,2026-07-21 02:58:52+00:00,12,12,131,11047,8760,Carrier-09
DSP-00264,Dock 5,2026-07-21 03:22:52+00:00,12,12,203,13675,9479,Carrier-21
DSP-00265,Dock 9,2026-07-20 09:48:52+00:00,12,12,171,15545,10102,Carrier-06
DSP-00266,Dock 7,2026-07-21 08:12:52+00:00,12,12,79,13817,10338,Carrier-22
DSP-00267,Dock 9,2026-07-21 07:40:52+00:00,12,12,198,10987,5919,Carrier-06
DSP-00268,Dock 7,2026-07-20 13:50:52+00:00,12,12,113,7545,4621,Carrier-01
DSP-00269,Dock 11,2026-07-21 08:16:52+00:00,12,12,122,13063,11019,Carrier-12
DSP-00270,Dock 11,2026-07-20 18:34:52+00:00,12,12,192,11126,5285,Carrier-21
DSP-00271,Dock 11,2026-07-21 02:24:52+00:00,12,12,165,7202,4615,Carrier-19
DSP-00272,Dock 9,2026-07-20 13:48:52+00:00,12,12,101,10493,8842,Carrier-07
DSP-00273,Dock 11,2026-07-20 17:42:52+00:00,12,12,195,8230,4460,Carrier-16
DSP-00274,Dock 5,2026-07-20 08:26:52+00:00,12,12,216,9272,4826,Carrier-14
DSP-00275,Dock 9,2026-07-21 06:12:52+00:00,12,12,95,13123,6520,Carrier-22
DSP-00276,Dock 11,2026-07-20 20:34:52+00:00,12,12,167,12579,10056,Carrier-21
DSP-00277,Dock 11,2026-07-20 20:32:52+00:00,12,12,191,12158,5802,Carrier-15
DSP-00278,Dock 9,2026-07-21 05:49:52+00:00,12,12,105,10782,5833,Carrier-15
DSP-00279,Dock 3,2026-07-21 04:50:52+00:00,12,12,132,14966,7153,Carrier-02
DSP-00280,Dock 3,2026-07-20 16:20:52+00:00,12,12,207,9230,6093,Carrier-14
DSP-00281,Dock 3,2026-07-20 09:21:52+00:00,12,12,84,7526,5549,Carrier-12
DSP-00282,Dock 7,2026-07-20 18:36:52+00:00,12,12,196,12981,10940,Carrier-15
DSP-00283,Dock 9,2026-07-20 08:52:52+00:00,12,12,220,10197,5137,Carrier-18
DSP-00284,Dock 3,2026-07-20 16:52:52+00:00,12,12,143,17470,15081,Carrier-20
DSP-00285,Dock 9,2026-07-21 08:45:52+00:00,12,12,186,8441,5810,Carrier-07
DSP-00286,Dock 9,2026-07-20 21:31:52+00:00,12,12,168,9204,5273,Carrier-08
DSP-00287,Dock 3,2026-07-20 13:15:52+00:00,12,12,72,11053,7967,Carrier-16
DSP-00288,Dock 9,2026-07-20 16:48:52+00:00,12,12,116,12243,6456,Carrier-20
DSP-00289,Dock 9,2026-07-21 00:33:52+00:00,12,12,166,16285,11520,Carrier-22
DSP-00290,Dock 5,2026-07-20 22:47:52+00:00,12,12,86,17569,12515,Carrier-01
DSP-00291,Dock 11,2026-07-20 20:18:52+00:00,12,12,95,15014,12630,Carrier-10
DSP-00292,Dock 5,2026-07-20 20:07:52+00:00,12,12,171,10673,6230,Carrier-11
DSP-00293,Dock 9,2026-07-20 13:41:52+00:00,12,12,178,12523,7604,Carrier-20
DSP-00294,Dock 9,2026-07-20 21:51:52+00:00,12,12,190,14566,8959,Carrier-22
DSP-00295,Dock 11,2026-07-21 01:32:52+00:00,12,12,208,16542,14227,Carrier-02
DSP-00296,Dock 3,2026-07-20 09:18:52+00:00,12,12,76,11638,7252,Carrier-19
DSP-00297,Dock 11,2026-07-20 10:53:52+00:00,12,12,128,17031,10034,Carrier-16
DSP-00298,Dock 3,2026-07-21 04:43:52+00:00,12,12,144,7447,4818,Carrier-06
DSP-00299,Dock 3,2026-07-21 05:13:52+00:00,12,12,92,15510,11650,Carrier-10
DSP-00300,Dock 3,2026-07-20 14:11:52+00:00,12,12,185,17355,10855,Carrier-05
DSP-00301,Dock 9,2026-07-21 09:54:52+00:00,12,12,144,7342,4016,Carrier-20
DSP-00302,Dock 3,2026-07-21 03:03:52+00:00,12,12,128,15035,12818,Carrier-11
DSP-00303,Dock 7,2026-07-21 01:18:52+00:00,12,12,90,9549,4708,Carrier-10
DSP-00304,Dock 9,2026-07-20 12:24:52+00:00,12,12,139,8316,3834,Carrier-03
DSP-00305,Dock 11,2026-07-20 09:40:52+00:00,12,12,70,16916,7731,Carrier-13
DSP-00306,Dock 5,2026-07-20 16:38:52+00:00,12,12,210,16090,7843,Carrier-02
DSP-00307,Dock 3,2026-07-21 00:52:52+00:00,12,12,83,15308,11968,Carrier-03
DSP-00308,Dock 11,2026-07-20 12:03:52+00:00,12,12,207,16617,7899,Carrier-02
DSP-00309,Dock 11,2026-07-20 13:09:52+00:00,12,12,113,14022,9967,Carrier-07
DSP-00310,Dock 3,2026-07-21 08:35:52+00:00,12,12,182,16711,11159,Carrier-19
DSP-00311,Dock 3,2026-07-20 15:52:52+00:00,12,12,82,14518,8257,Carrier-14
DSP-00312,Dock 3,2026-07-20 23:50:52+00:00,12,12,216,13826,10859,Carrier-20
DSP-00313,Dock 7,2026-07-21 03:15:52+00:00,12,12,113,12797,8908,Carrier-06
DSP-00314,Dock 7,2026-07-20 18:03:52+00:00,12,12,151,15424,12665,Carrier-04
DSP-00315,Dock 3,2026-07-20 19:12:52+00:00,12,12,201,12182,8910,Carrier-06
DSP-00316,Dock 9,2026-07-20 16:08:52+00:00,12,12,212,8765,4898,Carrier-03
DSP-00317,Dock 3,2026-07-20 09:25:52+00:00,12,12,183,15537,9990,Carrier-07
DSP-00318,Dock 5,2026-07-20 17:19:52+00:00,12,12,190,7419,4533,Carrier-04
DSP-00319,Dock 7,2026-07-21 00:08:52+00:00,12,12,83,17514,14049,Carrier-13
DSP-00320,Dock 3,2026-07-20 21:23:52+00:00,12,12,81,7919,6100,Carrier-16
DSP-00321,Dock 9,2026-07-21 08:32:52+00:00,12,12,80,11569,7844,Carrier-04
DSP-00322,Dock 3,2026-07-20 21:42:52+00:00,12,12,178,10863,5538,Carrier-07
DSP-00323,Dock 3,2026-07-20 14:27:52+00:00,12,12,100,7339,3417,Carrier-07
DSP-00324,Dock 9,2026-07-20 18:41:52+00:00,12,12,213,11886,7782,Carrier-05
DSP-00325,Dock 9,2026-07-20 19:17:52+00:00,12,12,97,9179,4194,Carrier-19
DSP-00326,Dock 9,2026-07-20 20:41:52+00:00,12,12,129,17814,12709,Carrier-07
DSP-00327,Dock 9,2026-07-20 20:27:52+00:00,12,12,132,11349,6802,Carrier-02
DSP-00328,Dock 3,2026-07-20 18:25:52+00:00,12,12,119,17889,14027,Carrier-17
DSP-00329,Dock 7,2026-07-20 11:36:52+00:00,12,12,114,8030,6550,Carrier-04
DSP-00330,Dock 7,2026-07-21 01:54:52+00:00,12,12,214,13764,8031,Carrier-09
DSP-00331,Dock 3,2026-07-21 00:32:52+00:00,12,12,214,7636,4684,Carrier-02
DSP-00332,Dock 9,2026-07-21 00:24:52+00:00,12,12,210,11383,5527,Carrier-06
DSP-00333,Dock 7,2026-07-20 15:55:52+00:00,12,12,199,16987,14095,Carrier-15
DSP-00334,Dock 11,2026-07-21 09:38:52+00:00,12,12,146,16956,14879,Carrier-19
DSP-00335,Dock 5,2026-07-20 15:06:52+00:00,12,12,92,9417,5448,Carrier-18
DSP-00336,Dock 7,2026-07-21 01:36:52+00:00,12,12,133,12188,7086,Carrier-05
DSP-00337,Dock 7,2026-07-21 08:40:52+00:00,12,12,140,17743,9936,Carrier-11
DSP-00338,Dock 7,2026-07-20 09:12:52+00:00,12,12,192,13492,7055,Carrier-16
DSP-00339,Dock 3,2026-07-20 23:25:52+00:00,12,12,165,14330,7932,Carrier-21
DSP-00340,Dock 3,2026-07-21 07:29:52+00:00,12,12,178,17806,13902,Carrier-16
DSP-00341,Dock 3,2026-07-21 09:49:52+00:00,12,12,81,7233,3899,Carrier-09
DSP-00342,Dock 11,2026-07-20 11:13:52+00:00,12,12,114,9944,5847,Carrier-04
DSP-00343,Dock 9,2026-07-20 08:52:52+00:00,12,12,217,14488,10672,Carrier-10
DSP-00344,Dock 5,2026-07-20 19:07:52+00:00,12,12,187,17299,10710,Carrier-17
DSP-00345,Dock 5,2026-07-21 00:02:52+00:00,12,12,123,8300,5225,Carrier-14
DSP-00346,Dock 7,2026-07-20 21:20:52+00:00,12,12,169,8107,3986,Carrier-18
DSP-00347,Dock 3,2026-07-20 16:54:52+00:00,12,12,160,11456,5599,Carrier-08
DSP-00348,Dock 5,2026-07-20 08:24:52+00:00,12,12,196,9680,4385,Carrier-22
DSP-00349,Dock 9,2026-07-21 02:17:52+00:00,12,12,122,11049,8729,Carrier-16
DSP-00350,Dock 7,2026-07-21 00:27:52+00:00,12,12,202,14776,12329,Carrier-20
DSP-00351,Dock 7,2026-07-21 00:27:52+00:00,12,12,207,11368,5448,Carrier-11
DSP-00352,Dock 7,2026-07-20 14:02:52+00:00,12,12,204,17012,7752,Carrier-07
DSP-00353,Dock 7,2026-07-20 23:39:52+00:00,12,12,158,17910,11529,Carrier-20
DSP-00354,Dock 9,2026-07-20 11:29:52+00:00,12,12,127,14869,7995,Carrier-09
DSP-00355,Dock 5,2026-07-20 23:01:52+00:00,12,12,220,13426,10032,Carrier-03
DSP-00356,Dock 5,2026-07-20 19:19:52+00:00,12,12,108,11507,5977,Carrier-13
DSP-00357,Dock 9,2026-07-20 14:31:52+00:00,12,12,133,11720,8821,Carrier-05
DSP-00358,Dock 11,2026-07-21 04:31:52+00:00,12,12,141,7976,4584,Carrier-17
DSP-00359,Dock 11,2026-07-21 03:16:52+00:00,12,12,99,11551,10036,Carrier-03
DSP-00360,Dock 3,2026-07-20 20:49:52+00:00,12,12,216,13180,7295,Carrier-21
DSP-00361,Dock 7,2026-07-20 12:42:52+00:00,12,12,139,15185,10878,Carrier-01
DSP-00362,Dock 5,2026-07-20 21:52:52+00:00,12,12,132,17009,9830,Carrier-01
DSP-00363,Dock 5,2026-07-20 17:09:52+00:00,12,12,142,14782,8533,Carrier-19
DSP-00364,Dock 3,2026-07-20 17:39:52+00:00,12,12,78,8702,6100,Carrier-14
DSP-00365,Dock 7,2026-07-21 02:33:52+00:00,12,12,72,10006,5603,Carrier-08
DSP-00366,Dock 7,2026-07-21 01:09:52+00:00,12,12,208,17724,8762,Carrier-09
DSP-00367,Dock 11,2026-07-20 16:55:52+00:00,12,12,180,10192,4879,Carrier-13
DSP-00368,Dock 3,2026-07-20 13:45:52+00:00,12,12,130,16522,9215,Carrier-03
DSP-00369,Dock 7,2026-07-20 10:52:52+00:00,12,12,146,15011,10206,Carrier-11
DSP-00370,Dock 7,2026-07-21 08:51:52+00:00,12,12,74,10037,8559,Carrier-11
DSP-00371,Dock 3,2026-07-20 13:39:52+00:00,12,12,79,14691,10253,Carrier-17
DSP-00372,Dock 7,2026-07-20 22:07:52+00:00,12,12,96,10240,4654,Carrier-21
DSP-00373,Dock 3,2026-07-21 09:10:52+00:00,12,12,206,17406,7875,Carrier-19
DSP-00374,Dock 7,2026-07-21 07:23:52+00:00,12,12,94,10144,6526,Carrier-16
DSP-00375,Dock 9,2026-07-21 05:51:52+00:00,12,12,111,10819,7926,Carrier-21
DSP-00376,Dock 3,2026-07-21 02:29:52+00:00,12,12,74,10411,6619,Carrier-06
DSP-00377,Dock 7,2026-07-20 16:39:52+00:00,12,12,82,8705,4770,Carrier-10
DSP-00378,Dock 7,2026-07-21 01:31:52+00:00,12,12,142,16936,12257,Carrier-02
DSP-00379,Dock 7,2026-07-20 23:35:52+00:00,12,12,168,15463,8729,Carrier-03
DSP-00380,Dock 9,2026-07-21 07:06:52+00:00,12,12,77,11921,8159,Carrier-21
DSP-00381,Dock 7,2026-07-20 18:57:52+00:00,12,12,130,13261,7861,Carrier-01
DSP-00382,Dock 7,2026-07-21 04:25:52+00:00,12,12,160,15908,7493,Carrier-08
DSP-00383,Dock 9,2026-07-21 03:51:52+00:00,12,12,212,8241,6781,Carrier-14
DSP-00384,Dock 3,2026-07-20 13:16:52+00:00,12,12,180,11935,5507,Carrier-09
DSP-00385,Dock 3,2026-07-20 21:30:52+00:00,12,12,88,17360,12385,Carrier-08
DSP-00386,Dock 5,2026-07-21 06:40:52+00:00,12,12,128,8262,6392,Carrier-04
DSP-00387,Dock 7,2026-07-21 07:24:52+00:00,12,12,116,10058,6900,Carrier-09
DSP-00388,Dock 3,2026-07-20 12:28:52+00:00,12,12,96,15939,10839,Carrier-09
DSP-00389,Dock 9,2026-07-20 12:01:52+00:00,12,12,97,12055,8218,Carrier-08
DSP-00390,Dock 3,2026-07-21 09:42:52+00:00,12,12,94,11325,9703,Carrier-13
DSP-00391,Dock 5,2026-07-21 09:19:52+00:00,12,12,127,17160,8532,Carrier-18
DSP-00392,Dock 5,2026-07-21 04:37:52+00:00,12,12,185,10977,6446,Carrier-05
DSP-00393,Dock 7,2026-07-20 15:43:52+00:00,12,12,107,15129,8265,Carrier-06
DSP-00394,Dock 11,2026-07-20 12:25:52+00:00,12,12,192,16944,11470,Carrier-13
DSP-00395,Dock 3,2026-07-20 17:44:52+00:00,12,12,199,13505,8735,Carrier-01
DSP-00396,Dock 5,2026-07-21 02:24:52+00:00,12,12,185,10904,6579,Carrier-19
DSP-00397,Dock 5,2026-07-21 00:11:52+00:00,12,12,114,12763,8709,Carrier-01
DSP-00398,Dock 11,2026-07-20 07:55:52+00:00,12,12,116,15052,8869,Carrier-06
DSP-00399,Dock 7,2026-07-20 15:33:52+00:00,12,12,86,15577,10741,Carrier-04
DSP-00400,Dock 3,2026-07-20 16:07:52+00:00,12,12,114,13733,10988,Carrier-03
DSP-00401,Dock 9,2026-07-20 16:32:52+00:00,12,12,187,14299,11985,Carrier-13
DSP-00402,Dock 9,2026-07-20 13:13:52+00:00,12,12,127,17672,10182,Carrier-05
DSP-00403,Dock 7,2026-07-21 05:08:52+00:00,12,12,135,7658,6524,Carrier-08
DSP-00404,Dock 9,2026-07-21 05:06:52+00:00,12,12,204,10090,4981,Carrier-19
DSP-00405,Dock 11,2026-07-20 07:50:52+00:00,12,12,128,7560,3857,Carrier-08
DSP-00406,Dock 5,2026-07-21 04:57:52+00:00,12,12,161,12148,10648,Carrier-21
DSP-00407,Dock 3,2026-07-21 04:36:52+00:00,12,12,218,7545,3899,Carrier-21
DSP-00408,Dock 7,2026-07-21 03:58:52+00:00,12,12,122,16179,8260,Carrier-15
DSP-00409,Dock 7,2026-07-21 08:23:52+00:00,12,12,127,13046,7338,Carrier-14
DSP-00410,Dock 7,2026-07-20 11:28:52+00:00,12,12,131,10687,7491,Carrier-19
DSP-00411,Dock 5,2026-07-21 06:52:52+00:00,12,12,206,14608,10741,Carrier-11
DSP-00412,Dock 3,2026-07-20 08:07:52+00:00,12,12,177,13949,6922,Carrier-08
DSP-00413,Dock 5,2026-07-21 09:28:52+00:00,12,12,114,15310,11211,Carrier-22
DSP-00414,Dock 9,2026-07-20 09:02:52+00:00,12,12,71,17843,11569,Carrier-17
DSP-00415,Dock 3,2026-07-20 09:08:52+00:00,12,12,125,13711,8559,Carrier-07
DSP-00416,Dock 11,2026-07-20 11:15:52+00:00,12,12,99,15327,7983,Carrier-16
DSP-00417,Dock 11,2026-07-20 20:58:52+00:00,12,12,120,11566,9687,Carrier-16
DSP-00418,Dock 11,2026-07-20 20:02:52+00:00,12,12,87,10590,6714,Carrier-17
DSP-00419,Dock 9,2026-07-20 07:43:52+00:00,12,12,149,7386,6285,Carrier-10
DSP-00420,Dock 11,2026-07-20 14:34:52+00:00,12,12,109,7575,5637,Carrier-04
DSP-00421,Dock 3,2026-07-21 02:23:52+00:00,12,12,163,13439,9632,Carrier-17
DSP-00422,Dock 11,2026-07-20 23:26:52+00:00,12,12,180,14445,9357,Carrier-08
DSP-00423,Dock 3,2026-07-20 20:25:52+00:00,12,12,108,14995,10191,Carrier-03
DSP-00424,Dock 7,2026-07-20 11:30:52+00:00,12,12,127,7653,3885,Carrier-02
DSP-00425,Dock 9,2026-07-21 01:09:52+00:00,12,12,220,8623,4417,Carrier-14
DSP-00426,Dock 11,2026-07-20 20:55:52+00:00,12,12,80,16877,9228,Carrier-06
DSP-00427,Dock 5,2026-07-21 08:44:52+00:00,12,12,91,9123,7301,Carrier-19
DSP-00428,Dock 5,2026-07-21 05:41:52+00:00,12,12,97,8769,4803,Carrier-05
DSP-00429,Dock 9,2026-07-20 20:50:52+00:00,12,12,78,17753,9264,Carrier-10
DSP-00430,Dock 9,2026-07-20 23:11:52+00:00,12,12,81,14686,9571,Carrier-10
DSP-00431,Dock 11,2026-07-20 12:52:52+00:00,12,12,95,8927,6605,Carrier-16
DSP-00432,Dock 9,2026-07-20 13:17:52+00:00,12,12,216,10947,6266,Carrier-06
DSP-00433,Dock 5,2026-07-20 15:43:52+00:00,12,12,170,7879,6779,Carrier-13
DSP-00434,Dock 5,2026-07-20 23:41:52+00:00,12,12,99,9590,7465,Carrier-15
DSP-00435,Dock 11,2026-07-20 17:52:52+00:00,12,12,116,10484,5059,Carrier-09
DSP-00436,Dock 11,2026-07-20 23:56:52+00:00,12,12,173,16292,9960,Carrier-09
DSP-00437,Dock 5,2026-07-21 03:39:52+00:00,12,12,127,14604,8610,Carrier-22
DSP-00438,Dock 3,2026-07-20 22:17:52+00:00,12,12,121,10652,9087,Carrier-17
DSP-00439,Dock 3,2026-07-21 09:45:52+00:00,12,12,205,15423,10168,Carrier-15
DSP-00440,Dock 9,2026-07-20 23:38:52+00:00,12,12,170,13367,7148,Carrier-12
DSP-00441,Dock 11,2026-07-20 17:00:52+00:00,12,12,190,8936,5958,Carrier-01
DSP-00442,Dock 7,2026-07-20 14:56:52+00:00,12,12,185,16346,14030,Carrier-14
DSP-00443,Dock 5,2026-07-21 08:24:52+00:00,12,12,93,7797,4273,Carrier-18
DSP-00444,Dock 7,2026-07-20 17:26:52+00:00,12,12,129,16342,12319,Carrier-05
DSP-00445,Dock 9,2026-07-20 07:44:52+00:00,12,12,150,9620,6561,Carrier-19
DSP-00446,Dock 3,2026-07-21 09:18:52+00:00,12,12,174,7469,6041,Carrier-04
DSP-00447,Dock 5,2026-07-20 15:19:52+00:00,12,12,149,14106,6606,Carrier-05
DSP-00448,Dock 5,2026-07-21 00:29:52+00:00,12,12,189,13203,7966,Carrier-09
DSP-00449,Dock 3,2026-07-21 04:44:52+00:00,12,12,214,7659,5550,Carrier-15
DSP-00450,Dock 11,2026-07-20 22:13:52+00:00,12,12,165,10008,6337,Carrier-08
DSP-00451,Dock 7,2026-07-20 16:46:52+00:00,12,12,136,14033,10820,Carrier-20
DSP-00452,Dock 9,2026-07-20 10:07:52+00:00,12,12,148,16892,9497,Carrier-19
DSP-00453,Dock 9,2026-07-20 19:41:52+00:00,12,12,131,12071,10023,Carrier-01
DSP-00454,Dock 5,2026-07-21 06:43:52+00:00,12,12,135,11780,9241,Carrier-04
DSP-00455,Dock 11,2026-07-21 06:17:52+00:00,12,12,207,14112,10229,Carrier-13
DSP-00456,Dock 3,2026-07-20 22:30:52+00:00,12,12,108,8449,6087,Carrier-10
DSP-00457,Dock 11,2026-07-21 06:10:52+00:00,12,12,95,12147,8404,Carrier-16
DSP-00458,Dock 3,2026-07-21 08:56:52+00:00,12,12,164,15130,7861,Carrier-02
DSP-00459,Dock 7,2026-07-20 09:19:52+00:00,12,12,71,13270,8980,Carrier-16
DSP-00460,Dock 5,2026-07-20 13:04:52+00:00,12,12,179,17007,14614,Carrier-11
DSP-00461,Dock 5,2026-07-20 16:06:52+00:00,12,12,166,10854,4986,Carrier-11
DSP-00462,Dock 11,2026-07-20 15:44:52+00:00,12,12,88,17503,15232,Carrier-01
DSP-00463,Dock 3,2026-07-20 22:39:52+00:00,12,12,195,15883,13401,Carrier-01
DSP-00464,Dock 3,2026-07-21 00:43:52+00:00,12,12,220,13409,11319,Carrier-02
DSP-00465,Dock 11,2026-07-20 14:01:52+00:00,12,12,214,12550,10594,Carrier-12
DSP-00466,Dock 11,2026-07-21 03:52:52+00:00,12,12,138,12627,8986,Carrier-02
DSP-00467,Dock 3,2026-07-21 02:33:52+00:00,12,12,133,10894,7462,Carrier-04
DSP-00468,Dock 5,2026-07-20 07:23:52+00:00,12,12,102,10592,9290,Carrier-09
DSP-00469,Dock 11,2026-07-21 08:18:52+00:00,12,12,154,9884,7367,Carrier-01
DSP-00470,Dock 11,2026-07-20 17:50:52+00:00,12,12,137,8026,5291,Carrier-06
DSP-00471,Dock 3,2026-07-20 18:51:52+00:00,12,12,81,11347,7581,Carrier-10
DSP-00472,Dock 9,2026-07-20 19:40:52+00:00,12,12,194,9090,4827,Carrier-04
DSP-00473,Dock 9,2026-07-21 05:16:52+00:00,12,12,99,8495,4113,Carrier-03
DSP-00474,Dock 9,2026-07-21 01:49:52+00:00,12,12,91,10904,5825,Carrier-03
DSP-00475,Dock 3,2026-07-20 18:00:52+00:00,12,12,209,12563,6394,Carrier-22
DSP-00476,Dock 5,2026-07-21 09:53:52+00:00,12,12,118,17200,7993,Carrier-20
DSP-00477,Dock 7,2026-07-20 15:22:52+00:00,12,12,109,16168,11987,Carrier-16
DSP-00478,Dock 9,2026-07-20 16:42:52+00:00,12,12,202,12121,8614,Carrier-17
DSP-00479,Dock 3,2026-07-21 06:15:52+00:00,12,12,100,10854,5433,Carrier-11
DSP-00480,Dock 11,2026-07-20 19:49:52+00:00,12,12,141,9976,5730,Carrier-15
DSP-00481,Dock 11,2026-07-20 18:23:52+00:00,12,12,190,10065,8137,Carrier-05
DSP-00482,Dock 5,2026-07-20 10:49:52+00:00,12,12,140,9600,4341,Carrier-10
DSP-00483,Dock 11,2026-07-21 04:53:52+00:00,12,12,187,14292,10027,Carrier-14
DSP-00484,Dock 7,2026-07-20 17:25:52+00:00,12,12,119,11441,6756,Carrier-07
DSP-00485,Dock 7,2026-07-21 00:35:52+00:00,12,12,78,11199,7417,Carrier-06
DSP-00486,Dock 9,2026-07-21 09:37:52+00:00,12,12,130,16228,8109,Carrier-15
DSP-00487,Dock 5,2026-07-20 15:01:52+00:00,12,12,184,13503,8940,Carrier-01
DSP-00488,Dock 9,2026-07-21 08:08:52+00:00,12,12,135,14241,8310,Carrier-04
DSP-00489,Dock 3,2026-07-20 15:30:52+00:00,12,12,166,13253,8519,Carrier-17
DSP-00490,Dock 7,2026-07-20 18:54:52+00:00,12,12,144,13608,11633,Carrier-19
DSP-00491,Dock 9,2026-07-20 18:27:52+00:00,12,12,203,12911,9140,Carrier-13
DSP-00492,Dock 5,2026-07-21 05:26:52+00:00,12,12,127,17524,11186,Carrier-08
DSP-00493,Dock 3,2026-07-20 17:29:52+00:00,12,12,92,11943,5461,Carrier-02
DSP-00494,Dock 11,2026-07-20 18:57:52+00:00,12,12,121,15721,12260,Carrier-10
DSP-00495,Dock 5,2026-07-21 07:06:52+00:00,12,12,196,16235,9112,Carrier-13
DSP-00496,Dock 11,2026-07-21 00:00:52+00:00,12,12,185,12716,10095,Carrier-17
DSP-00497,Dock 7,2026-07-21 07:54:52+00:00,12,12,115,16594,11830,Carrier-04
DSP-00498,Dock 7,2026-07-21 01:02:52+00:00,12,12,188,15272,10470,Carrier-20
DSP-00499,Dock 5,2026-07-20 14:19:52+00:00,12,12,204,10765,5506,Carrier-17
DSP-00500,Dock 5,2026-07-20 09:19:52+00:00,12,12,160,15999,11236,Carrier-10
